member_casual,n,percentage
casual,2054777,36.349579024423555
member,3598045,63.650420975576445
