rideable_type,n,percentage
classic,2633216,46.58232649108711
docked,86098,1.5230976669705856
electric,2933508,51.894575841942306
